{
    "pd": {
        "success_rate": 0.35,
        "mean_tracking_error": 0.23763093161166346,
        "std_tracking_error": 0.14071662712863364,
        "tracking_errors": [
            0.03454178085083477,
            0.34878855062216785,
            0.36479398574432986,
            0.17528291321733266,
            0.38554694000243855,
            0.39294292493931376,
            0.04062651978194523,
            0.04976686274304724,
            0.30494906591341836,
            0.049735223577858874,
            0.3963337612903005,
            0.3023039201807061,
            0.3692731239594992,
            0.2045042775029239,
            0.37042394711061694,
            0.362388354663557,
            0.029236331117772976,
            0.049298703299507224,
            0.2878168686769194,
            0.23406457703877917
        ]
    },
    "clf_cbf": {
        "success_rate": 0.65,
        "mean_tracking_error": 0.3237237552717246,
        "std_tracking_error": 0.21489613012408196,
        "tracking_errors": [
            0.06042550198984809,
            0.32058421229550416,
            0.9928036820733206,
            0.17459482944683816,
            0.40721310914539466,
            0.4029114603667513,
            0.07918765843975778,
            0.11802435485042215,
            0.3612720057330368,
            0.14736659618163603,
            0.2815048074603855,
            0.5258823926450125,
            0.4027975310012735,
            0.3499023018026093,
            0.3827778691177849,
            0.4119547259934414,
            0.049954183993035875,
            0.09035715579566016,
            0.5297598902134489,
            0.38520083688932966
        ]
    },
    "clf_dro_cbf": {
        "success_rate": 0.6,
        "mean_tracking_error": 0.33937025330408865,
        "std_tracking_error": 0.18073363349371563,
        "tracking_errors": [
            0.06046655122248685,
            0.5190761544417222,
            0.41938295685682,
            0.17377624403078928,
            0.48709302197594634,
            0.4071265609203203,
            0.07913574753416334,
            0.11793487278010352,
            0.40434899394025625,
            0.20119821099943225,
            0.4180342495281917,
            0.5274434308129141,
            0.427196699633449,
            0.3712725231779436,
            0.5471904627943486,
            0.42350337280318734,
            0.04999847657932981,
            0.09049655578909885,
            0.6384845868433577,
            0.4242453934179117
        ]
    }
}